Based on weighted population centroids,,,,,,,,,
,,,,,,,,,
FID_,Join_Count,TARGET_FID,LSOA11CD,LSOA11NM,WD14CD,WD14NM,WD14NMW,LAD14CD,LAD14NM
,1,19116,E01021237,Basildon 001A,E05004021,Billericay East, ,E07000066,Basildon
,1,19117,E01021238,Basildon 001B,E05004021,Billericay East, ,E07000066,Basildon
,1,16768,E01021242,Basildon 001C,E05004021,Billericay East, ,E07000066,Basildon
,1,19329,E01021250,Basildon 001D,E05004022,Billericay West, ,E07000066,Basildon
,1,18687,E01021251,Basildon 001E,E05004022,Billericay West, ,E07000066,Basildon
,1,16767,E01021245,Basildon 002A,E05004022,Billericay West, ,E07000066,Basildon
,1,16764,E01021246,Basildon 002B,E05004022,Billericay West, ,E07000066,Basildon
,1,16772,E01021248,Basildon 002C,E05004022,Billericay West, ,E07000066,Basildon
,1,16773,E01021249,Basildon 002D,E05004022,Billericay West, ,E07000066,Basildon
,1,18685,E01021252,Basildon 002E,E05004022,Billericay West, ,E07000066,Basildon
,1,19118,E01021239,Basildon 003A,E05004021,Billericay East, ,E07000066,Basildon
,1,16770,E01021240,Basildon 003B,E05004021,Billericay East, ,E07000066,Basildon
,1,16771,E01021241,Basildon 003C,E05004021,Billericay East, ,E07000066,Basildon
,1,16769,E01021243,Basildon 003D,E05004021,Billericay East, ,E07000066,Basildon
,1,16765,E01021247,Basildon 003E,E05004022,Billericay West, ,E07000066,Basildon
,1,16766,E01021244,Basildon 004A,E05004021,Billericay East, ,E07000066,Basildon
,1,18686,E01021253,Basildon 004B,E05004023,Burstead, ,E07000066,Basildon
,1,18684,E01021255,Basildon 004C,E05004023,Burstead, ,E07000066,Basildon
,1,18682,E01021256,Basildon 004D,E05004023,Burstead, ,E07000066,Basildon
,1,18688,E01021258,Basildon 004E,E05004023,Burstead, ,E07000066,Basildon
,1,17915,E01021334,Basildon 005A,E05004035,Wickford North, ,E07000066,Basildon
,1,17913,E01021336,Basildon 005B,E05004035,Wickford North, ,E07000066,Basildon
,1,17921,E01021338,Basildon 005C,E05004035,Wickford North, ,E07000066,Basildon
,1,17922,E01021339,Basildon 005D,E05004035,Wickford North, ,E07000066,Basildon
,1,15915,E01021264,Basildon 006A,E05004024,Crouch, ,E07000066,Basildon
,1,16291,E01021329,Basildon 006B,E05004034,Wickford Castledon, ,E07000066,Basildon
,1,17919,E01021330,Basildon 006C,E05004034,Wickford Castledon, ,E07000066,Basildon
,1,17917,E01021332,Basildon 006D,E05004034,Wickford Castledon, ,E07000066,Basildon
,1,17918,E01021333,Basildon 006E,E05004034,Wickford Castledon, ,E07000066,Basildon
,1,17916,E01021335,Basildon 007A,E05004035,Wickford North, ,E07000066,Basildon
,1,17914,E01021337,Basildon 007B,E05004035,Wickford North, ,E07000066,Basildon
,1,19102,E01021340,Basildon 007C,E05004035,Wickford North, ,E07000066,Basildon
,1,19103,E01021341,Basildon 007D,E05004035,Wickford North, ,E07000066,Basildon
,1,19099,E01021345,Basildon 007E,E05004036,Wickford Park, ,E07000066,Basildon
,1,17920,E01021331,Basildon 008A,E05004034,Wickford Castledon, ,E07000066,Basildon
,1,19100,E01021342,Basildon 008B,E05004036,Wickford Park, ,E07000066,Basildon
,1,19101,E01021343,Basildon 008C,E05004036,Wickford Park, ,E07000066,Basildon
,1,19098,E01021344,Basildon 008D,E05004036,Wickford Park, ,E07000066,Basildon
,1,19096,E01021346,Basildon 008E,E05004036,Wickford Park, ,E07000066,Basildon
,1,18683,E01021254,Basildon 009A,E05004023,Burstead, ,E07000066,Basildon
,1,19328,E01021257,Basildon 009B,E05004023,Burstead, ,E07000066,Basildon
,1,18689,E01021259,Basildon 009C,E05004023,Burstead, ,E07000066,Basildon
,1,15919,E01021260,Basildon 009D,E05004024,Crouch, ,E07000066,Basildon
,1,15920,E01021261,Basildon 010A,E05004024,Crouch, ,E07000066,Basildon
,1,15917,E01021262,Basildon 010B,E05004024,Crouch, ,E07000066,Basildon
,1,15918,E01021263,Basildon 010C,E05004024,Crouch, ,E07000066,Basildon
,1,18429,E01021274,Basildon 010D,E05004026,Laindon Park, ,E07000066,Basildon
,1,18435,E01021279,Basildon 010E,E05004026,Laindon Park, ,E07000066,Basildon
,1,15907,E01021301,Basildon 011A,E05004030,Pitsea North West, ,E07000066,Basildon
,1,15903,E01021303,Basildon 011B,E05004030,Pitsea North West, ,E07000066,Basildon
,1,15895,E01021307,Basildon 011C,E05004030,Pitsea North West, ,E07000066,Basildon
,1,15909,E01021308,Basildon 011D,E05004030,Pitsea North West, ,E07000066,Basildon
,1,15911,E01021309,Basildon 011E,E05004030,Pitsea North West, ,E07000066,Basildon
,1,18416,E01021312,Basildon 011F,E05004031,Pitsea South East, ,E07000066,Basildon
,1,15916,E01021265,Basildon 012A,E05004025,Fryerns, ,E07000066,Basildon
,1,15914,E01021267,Basildon 012B,E05004025,Fryerns, ,E07000066,Basildon
,1,15922,E01021269,Basildon 012C,E05004025,Fryerns, ,E07000066,Basildon
,1,18433,E01021270,Basildon 012D,E05004025,Fryerns, ,E07000066,Basildon
,1,18431,E01021272,Basildon 012E,E05004025,Fryerns, ,E07000066,Basildon
,1,19310,E01021271,Basildon 013A,E05004025,Fryerns, ,E07000066,Basildon
,1,15901,E01021302,Basildon 013B,E05004030,Pitsea North West, ,E07000066,Basildon
,1,15897,E01021304,Basildon 013C,E05004030,Pitsea North West, ,E07000066,Basildon
,1,15899,E01021305,Basildon 013D,E05004030,Pitsea North West, ,E07000066,Basildon
,1,15893,E01021306,Basildon 013E,E05004030,Pitsea North West, ,E07000066,Basildon
,1,18432,E01021273,Basildon 014A,E05004026,Laindon Park, ,E07000066,Basildon
,1,18430,E01021275,Basildon 014B,E05004026,Laindon Park, ,E07000066,Basildon
,1,18427,E01021276,Basildon 014C,E05004026,Laindon Park, ,E07000066,Basildon
,1,18428,E01021277,Basildon 014D,E05004026,Laindon Park, ,E07000066,Basildon
,1,18434,E01021278,Basildon 014E,E05004026,Laindon Park, ,E07000066,Basildon
,1,15913,E01021266,Basildon 015A,E05004025,Fryerns, ,E07000066,Basildon
,1,15921,E01021268,Basildon 015B,E05004025,Fryerns, ,E07000066,Basildon
,1,18423,E01021318,Basildon 015C,E05004032,St Martin's, ,E07000066,Basildon
,1,16288,E01021320,Basildon 015D,E05004032,St Martin's, ,E07000066,Basildon
,1,16289,E01021321,Basildon 015E,E05004032,St Martin's, ,E07000066,Basildon
,1,17549,E01021286,Basildon 016A,E05004028,Lee Chapel North, ,E07000066,Basildon
,1,17557,E01021288,Basildon 016B,E05004028,Lee Chapel North, ,E07000066,Basildon
,1,17556,E01021289,Basildon 016C,E05004028,Lee Chapel North, ,E07000066,Basildon
,1,16328,E01021290,Basildon 016D,E05004028,Lee Chapel North, ,E07000066,Basildon
,1,16327,E01021291,Basildon 016E,E05004028,Lee Chapel North, ,E07000066,Basildon
,1,17548,E01021287,Basildon 017A,E05004028,Lee Chapel North, ,E07000066,Basildon
,1,16326,E01021292,Basildon 017B,E05004028,Lee Chapel North, ,E07000066,Basildon
,1,16325,E01021293,Basildon 017C,E05004028,Lee Chapel North, ,E07000066,Basildon
,1,16330,E01021298,Basildon 017D,E05004029,Nethermayne, ,E07000066,Basildon
,1,18425,E01021319,Basildon 017E,E05004032,St Martin's, ,E07000066,Basildon
,1,18417,E01021313,Basildon 018A,E05004031,Pitsea South East, ,E07000066,Basildon
,1,18412,E01021314,Basildon 018B,E05004031,Pitsea South East, ,E07000066,Basildon
,1,18414,E01021315,Basildon 018C,E05004031,Pitsea South East, ,E07000066,Basildon
,1,18408,E01021316,Basildon 018D,E05004031,Pitsea South East, ,E07000066,Basildon
,1,18410,E01021317,Basildon 018E,E05004031,Pitsea South East, ,E07000066,Basildon
,1,16286,E01021322,Basildon 019A,E05004032,St Martin's, ,E07000066,Basildon
,1,16287,E01021323,Basildon 019B,E05004033,Vange, ,E07000066,Basildon
,1,16284,E01021324,Basildon 019C,E05004033,Vange, ,E07000066,Basildon
,1,16285,E01021325,Basildon 019D,E05004033,Vange, ,E07000066,Basildon
,1,16283,E01021327,Basildon 019E,E05004033,Vange, ,E07000066,Basildon
,1,16324,E01021294,Basildon 020A,E05004029,Nethermayne, ,E07000066,Basildon
,1,16323,E01021295,Basildon 020B,E05004029,Nethermayne, ,E07000066,Basildon
,1,16322,E01021296,Basildon 020C,E05004029,Nethermayne, ,E07000066,Basildon
,1,16321,E01021297,Basildon 020D,E05004029,Nethermayne, ,E07000066,Basildon
,1,16329,E01021299,Basildon 020E,E05004029,Nethermayne, ,E07000066,Basildon
,1,17555,E01021280,Basildon 021A,E05004027,Langdon Hills, ,E07000066,Basildon
,1,17554,E01021281,Basildon 021B,E05004027,Langdon Hills, ,E07000066,Basildon
,1,17553,E01021282,Basildon 021C,E05004027,Langdon Hills, ,E07000066,Basildon
,1,17552,E01021283,Basildon 021D,E05004027,Langdon Hills, ,E07000066,Basildon
,1,17551,E01021284,Basildon 021E,E05004027,Langdon Hills, ,E07000066,Basildon
,1,17550,E01021285,Basildon 021F,E05004027,Langdon Hills, ,E07000066,Basildon
,1,15905,E01021300,Basildon 022A,E05004029,Nethermayne, ,E07000066,Basildon
,1,18419,E01021310,Basildon 022B,E05004031,Pitsea South East, ,E07000066,Basildon
,1,18421,E01021311,Basildon 022C,E05004031,Pitsea South East, ,E07000066,Basildon
,1,16282,E01021326,Basildon 022D,E05004033,Vange, ,E07000066,Basildon
,1,16290,E01021328,Basildon 022E,E05004033,Vange, ,E07000066,Basildon
,1,17127,E01021375,Braintree 001A,E05004045,Bumpstead, ,E07000067,Braintree
,1,17124,E01021376,Braintree 001B,E05004045,Bumpstead, ,E07000067,Braintree
,1,18504,E01021414,Braintree 001C,E05004061,Upper Colne, ,E07000067,Braintree
,1,17950,E01021430,Braintree 001D,E05004066,Yeldham, ,E07000067,Braintree
,1,18426,E01021398,Braintree 002A,E05004053,Hedingham and Maplestead, ,E07000067,Braintree
,1,15984,E01021406,Braintree 002B,E05004057,Stour Valley North, ,E07000067,Braintree
,1,15986,E01021407,Braintree 002C,E05004058,Stour Valley South, ,E07000067,Braintree
,1,15904,E01021382,Braintree 003A,E05004048,Gosfield and Greenstead Green, ,E07000067,Braintree
,1,18409,E01021397,Braintree 003B,E05004053,Hedingham and Maplestead, ,E07000067,Braintree
,1,18424,E01021399,Braintree 003C,E05004053,Hedingham and Maplestead, ,E07000067,Braintree
,1,15996,E01021400,Braintree 003D,E05004053,Hedingham and Maplestead, ,E07000067,Braintree
,1,15894,E01021387,Braintree 004A,E05004050,Halstead St Andrew's, ,E07000067,Braintree
,1,15912,E01021388,Braintree 004B,E05004050,Halstead St Andrew's, ,E07000067,Braintree
,1,18420,E01021391,Braintree 004C,E05004051,Halstead Trinity, ,E07000067,Braintree
,1,18418,E01021392,Braintree 004D,E05004051,Halstead Trinity, ,E07000067,Braintree
,1,19309,E01021393,Braintree 004E,E05004051,Halstead Trinity, ,E07000067,Braintree
,1,15988,E01021404,Braintree 005A,E05004055,Panfield, ,E07000067,Braintree
,1,18511,E01021411,Braintree 005B,E05004060,Three Fields, ,E07000067,Braintree
,1,18507,E01021412,Braintree 005C,E05004060,Three Fields, ,E07000067,Braintree
,1,18508,E01021413,Braintree 005D,E05004060,Three Fields, ,E07000067,Braintree
,1,15910,E01021389,Braintree 006A,E05004050,Halstead St Andrew's, ,E07000067,Braintree
,1,18422,E01021390,Braintree 006B,E05004050,Halstead St Andrew's, ,E07000067,Braintree
,1,16000,E01021408,Braintree 006C,E05004059,The Three Colnes, ,E07000067,Braintree
,1,19253,E01021409,Braintree 006D,E05004059,The Three Colnes, ,E07000067,Braintree
,1,19317,E01021410,Braintree 006E,E05004059,The Three Colnes, ,E07000067,Braintree
,1,19105,E01021349,Braintree 007A,E05004038,Bocking Blackwater, ,E07000067,Braintree
,1,17526,E01021351,Braintree 007B,E05004038,Bocking Blackwater, ,E07000067,Braintree
,1,17523,E01021352,Braintree 007C,E05004038,Bocking Blackwater, ,E07000067,Braintree
,1,17522,E01021355,Braintree 007D,E05004039,Bocking North, ,E07000067,Braintree
,1,17519,E01021356,Braintree 007E,E05004039,Bocking North, ,E07000067,Braintree
,1,15906,E01021381,Braintree 007F,E05004048,Gosfield and Greenstead Green, ,E07000067,Braintree
,1,17521,E01021354,Braintree 008A,E05004039,Bocking North, ,E07000067,Braintree
,1,17520,E01021357,Braintree 008B,E05004040,Bocking South, ,E07000067,Braintree
,1,17527,E01021358,Braintree 008C,E05004040,Bocking South, ,E07000067,Braintree
,1,17528,E01021359,Braintree 008D,E05004040,Bocking South, ,E07000067,Braintree
,1,17525,E01021350,Braintree 009A,E05004038,Bocking Blackwater, ,E07000067,Braintree
,1,17524,E01021353,Braintree 009B,E05004038,Bocking Blackwater, ,E07000067,Braintree
,1,18063,E01021365,Braintree 009D,E05004042,Braintree Central, ,E07000067,Braintree
,1,18733,E01033458,Braintree 009E,E05004042,Braintree Central, ,E07000067,Braintree
,1,18734,E01033459,Braintree 009F,E05004042,Braintree Central, ,E07000067,Braintree
,1,18062,E01021364,Braintree 010A,E05004042,Braintree Central, ,E07000067,Braintree
,1,18060,E01021366,Braintree 010B,E05004042,Braintree Central, ,E07000067,Braintree
,1,15902,E01021383,Braintree 010C,E05004049,Great Notley and Braintree West, ,E07000067,Braintree
,1,15990,E01021405,Braintree 010D,E05004056,Rayne, ,E07000067,Braintree
,1,18067,E01021368,Braintree 011A,E05004043,Braintree East, ,E07000067,Braintree
,1,17130,E01021370,Braintree 011B,E05004043,Braintree East, ,E07000067,Braintree
,1,17128,E01021372,Braintree 011C,E05004044,Braintree South, ,E07000067,Braintree
,1,17129,E01021373,Braintree 011D,E05004044,Braintree South, ,E07000067,Braintree
,1,17126,E01021374,Braintree 011E,E05004044,Braintree South, ,E07000067,Braintree
,1,18065,E01021360,Braintree 012A,E05004041,"Bradwell, Silver End and Rivenhall", ,E07000067,Braintree
,1,18066,E01021361,Braintree 012B,E05004041,"Bradwell, Silver End and Rivenhall", ,E07000067,Braintree
,1,18061,E01021367,Braintree 012C,E05004043,Braintree East, ,E07000067,Braintree
,1,18068,E01021369,Braintree 012D,E05004043,Braintree East, ,E07000067,Braintree
,1,15908,E01021380,Braintree 012E,E05004047,Cressing and Stisted, ,E07000067,Braintree
,1,19097,E01021347,Braintree 013A,E05004037,Black Notley and Terling, ,E07000067,Braintree
,1,17131,E01021371,Braintree 013B,E05004044,Braintree South, ,E07000067,Braintree
,1,15900,E01021384,Braintree 013C,E05004049,Great Notley and Braintree West, ,E07000067,Braintree
,1,15898,E01021385,Braintree 013D,E05004049,Great Notley and Braintree West, ,E07000067,Braintree
,1,15896,E01021386,Braintree 013E,E05004049,Great Notley and Braintree West, ,E07000067,Braintree
,1,17125,E01021377,Braintree 014A,E05004046,Coggeshall and North Feering, ,E07000067,Braintree
,1,17132,E01021378,Braintree 014B,E05004046,Coggeshall and North Feering, ,E07000067,Braintree
,1,17134,E01021379,Braintree 014C,E05004046,Coggeshall and North Feering, ,E07000067,Braintree
,1,15998,E01021401,Braintree 014D,E05004054,Kelvedon, ,E07000067,Braintree
,1,15992,E01021402,Braintree 014E,E05004054,Kelvedon, ,E07000067,Braintree
,1,15994,E01021403,Braintree 014F,E05004054,Kelvedon, ,E07000067,Braintree
,1,18064,E01021362,Braintree 015A,E05004041,"Bradwell, Silver End and Rivenhall", ,E07000067,Braintree
,1,18502,E01021417,Braintree 015B,E05004062,Witham Chipping Hill and Central, ,E07000067,Braintree
,1,18513,E01021418,Braintree 015C,E05004063,Witham North, ,E07000067,Braintree
,1,18515,E01021419,Braintree 015D,E05004063,Witham North, ,E07000067,Braintree
,1,16375,E01021426,Braintree 015E,E05004065,Witham West, ,E07000067,Braintree
,1,16382,E01021428,Braintree 015F,E05004065,Witham West, ,E07000067,Braintree
,1,16380,E01021423,Braintree 016A,E05004064,Witham South, ,E07000067,Braintree
,1,16378,E01021425,Braintree 016B,E05004065,Witham West, ,E07000067,Braintree
,1,16376,E01021427,Braintree 016C,E05004065,Witham West, ,E07000067,Braintree
,1,16385,E01021429,Braintree 016D,E05004065,Witham West, ,E07000067,Braintree
,1,19315,E01021415,Braintree 017A,E05004062,Witham Chipping Hill and Central, ,E07000067,Braintree
,1,18500,E01021416,Braintree 017B,E05004062,Witham Chipping Hill and Central, ,E07000067,Braintree
,1,16381,E01021420,Braintree 017C,E05004063,Witham North, ,E07000067,Braintree
,1,16379,E01021422,Braintree 017E,E05004064,Witham South, ,E07000067,Braintree
,1,15964,E01033460,Braintree 017F,E05004064,Witham South, ,E07000067,Braintree
,1,15965,E01033461,Braintree 017G,E05004064,Witham South, ,E07000067,Braintree
,1,15963,E01033462,Braintree 017H,E05004064,Witham South, ,E07000067,Braintree
,1,19104,E01021348,Braintree 018A,E05004037,Black Notley and Terling, ,E07000067,Braintree
,1,18415,E01021394,Braintree 018B,E05004052,Hatfield Peverel, ,E07000067,Braintree
,1,18413,E01021395,Braintree 018C,E05004052,Hatfield Peverel, ,E07000067,Braintree
,1,18411,E01021396,Braintree 018D,E05004052,Hatfield Peverel, ,E07000067,Braintree
,1,16377,E01021424,Braintree 018E,E05004064,Witham South, ,E07000067,Braintree
,1,19156,E01021441,Brentwood 001A,E05004070,Brizes and Doddinghurst, ,E07000068,Brentwood
,1,19154,E01021442,Brentwood 001B,E05004070,Brizes and Doddinghurst, ,E07000068,Brentwood
,1,19155,E01021443,Brentwood 001C,E05004070,Brizes and Doddinghurst, ,E07000068,Brentwood
,1,19152,E01021444,Brentwood 001D,E05004070,Brizes and Doddinghurst, ,E07000068,Brentwood
,1,18754,E01021469,Brentwood 001E,E05004080,Tipps Cross, ,E07000068,Brentwood
,1,17211,E01021470,Brentwood 001F,E05004080,Tipps Cross, ,E07000068,Brentwood
,1,17212,E01021471,Brentwood 001G,E05004080,Tipps Cross, ,E07000068,Brentwood
,1,17598,E01021457,Brentwood 002A,E05004076,"Ingatestone, Fryerning and Mountnessing", ,E07000068,Brentwood
,1,17605,E01021458,Brentwood 002B,E05004076,"Ingatestone, Fryerning and Mountnessing", ,E07000068,Brentwood
,1,17606,E01021459,Brentwood 002C,E05004076,"Ingatestone, Fryerning and Mountnessing", ,E07000068,Brentwood
,1,18747,E01021460,Brentwood 002D,E05004076,"Ingatestone, Fryerning and Mountnessing", ,E07000068,Brentwood
,1,19157,E01021448,Brentwood 003A,E05004072,Hutton Central, ,E07000068,Brentwood
,1,19158,E01021449,Brentwood 003B,E05004073,Hutton East, ,E07000068,Brentwood
,1,17603,E01021450,Brentwood 003C,E05004073,Hutton East, ,E07000068,Brentwood
,1,17604,E01021451,Brentwood 003D,E05004074,Hutton North, ,E07000068,Brentwood
,1,17601,E01021452,Brentwood 003E,E05004074,Hutton North, ,E07000068,Brentwood
,1,17951,E01021431,Brentwood 004A,E05004067,Brentwood North, ,E07000068,Brentwood
,1,17948,E01021432,Brentwood 004B,E05004067,Brentwood North, ,E07000068,Brentwood
,1,17946,E01021434,Brentwood 004C,E05004067,Brentwood North, ,E07000068,Brentwood
,1,18749,E01021461,Brentwood 004D,E05004077,Pilgrims Hatch, ,E07000068,Brentwood
,1,18740,E01021464,Brentwood 004E,E05004077,Pilgrims Hatch, ,E07000068,Brentwood
,1,19151,E01021447,Brentwood 005A,E05004072,Hutton Central, ,E07000068,Brentwood
,1,17602,E01021453,Brentwood 005B,E05004074,Hutton North, ,E07000068,Brentwood
,1,17600,E01021455,Brentwood 005C,E05004075,Hutton South, ,E07000068,Brentwood
,1,18742,E01021465,Brentwood 005D,E05004078,Shenfield, ,E07000068,Brentwood
,1,18736,E01021466,Brentwood 005E,E05004078,Shenfield, ,E07000068,Brentwood
,1,18738,E01021467,Brentwood 005F,E05004078,Shenfield, ,E07000068,Brentwood
,1,17952,E01021438,Brentwood 006A,E05004069,Brentwood West, ,E07000068,Brentwood
,1,18744,E01021462,Brentwood 006B,E05004077,Pilgrims Hatch, ,E07000068,Brentwood
,1,19332,E01021463,Brentwood 006C,E05004077,Pilgrims Hatch, ,E07000068,Brentwood
,1,18751,E01021468,Brentwood 006D,E05004079,South Weald, ,E07000068,Brentwood
,1,17949,E01021433,Brentwood 007A,E05004067,Brentwood North, ,E07000068,Brentwood
,1,17944,E01021436,Brentwood 007B,E05004068,Brentwood South, ,E07000068,Brentwood
,1,17953,E01021439,Brentwood 007C,E05004069,Brentwood West, ,E07000068,Brentwood
,1,17208,E01021475,Brentwood 007E,E05004081,Warley, ,E07000068,Brentwood
,1,18059,E01033063,Brentwood 007F,E05004069,Brentwood West, ,E07000068,Brentwood
,1,18058,E01033064,Brentwood 007G,E05004069,Brentwood West, ,E07000068,Brentwood
,1,17947,E01021435,Brentwood 008A,E05004068,Brentwood South, ,E07000068,Brentwood
,1,17945,E01021437,Brentwood 008B,E05004068,Brentwood South, ,E07000068,Brentwood
,1,17209,E01021472,Brentwood 008C,E05004081,Warley, ,E07000068,Brentwood
,1,17210,E01021473,Brentwood 008D,E05004081,Warley, ,E07000068,Brentwood
,1,17207,E01021474,Brentwood 008E,E05004081,Warley, ,E07000068,Brentwood
,1,19153,E01021445,Brentwood 009A,E05004071,"Herongate, Ingrave and West Horndon", ,E07000068,Brentwood
,1,19150,E01021446,Brentwood 009B,E05004071,"Herongate, Ingrave and West Horndon", ,E07000068,Brentwood
,1,17599,E01021454,Brentwood 009C,E05004075,Hutton South, ,E07000068,Brentwood
,1,17597,E01021456,Brentwood 009D,E05004075,Hutton South, ,E07000068,Brentwood
,1,17182,E01021513,Castle Point 001A,E05004091,St George's, ,E07000069,Castle Point
,1,17176,E01021514,Castle Point 001B,E05004091,St George's, ,E07000069,Castle Point
,1,17178,E01021515,Castle Point 001C,E05004091,St George's, ,E07000069,Castle Point
,1,18438,E01021525,Castle Point 001D,E05004094,St Peter's, ,E07000069,Castle Point
,1,18437,E01021527,Castle Point 001E,E05004094,St Peter's, ,E07000069,Castle Point
,1,18718,E01021509,Castle Point 002A,E05004090,Cedar Hall, ,E07000069,Castle Point
,1,17185,E01021510,Castle Point 002B,E05004090,Cedar Hall, ,E07000069,Castle Point
,1,17186,E01021511,Castle Point 002C,E05004090,Cedar Hall, ,E07000069,Castle Point
,1,18442,E01021528,Castle Point 002D,E05004094,St Peter's, ,E07000069,Castle Point
,1,16780,E01021531,Castle Point 002E,E05004095,Victoria, ,E07000069,Castle Point
,1,17206,E01021476,Castle Point 003A,E05004082,Appleton, ,E07000069,Castle Point
,1,19282,E01021477,Castle Point 003B,E05004082,Appleton, ,E07000069,Castle Point
,1,17213,E01021478,Castle Point 003C,E05004082,Appleton, ,E07000069,Castle Point
,1,17172,E01021516,Castle Point 003D,E05004091,St George's, ,E07000069,Castle Point
,1,17214,E01021479,Castle Point 004A,E05004082,Appleton, ,E07000069,Castle Point
,1,15997,E01021481,Castle Point 004B,E05004083,Boyce, ,E07000069,Castle Point
,1,15993,E01021483,Castle Point 004C,E05004083,Boyce, ,E07000069,Castle Point
,1,17180,E01021512,Castle Point 004D,E05004090,Cedar Hall, ,E07000069,Castle Point
,1,18436,E01021526,Castle Point 004E,E05004094,St Peter's, ,E07000069,Castle Point
,1,17174,E01021517,Castle Point 005A,E05004092,St James, ,E07000069,Castle Point
,1,17190,E01021519,Castle Point 005B,E05004092,St James, ,E07000069,Castle Point
,1,16779,E01021530,Castle Point 005C,E05004095,Victoria, ,E07000069,Castle Point
,1,16777,E01021532,Castle Point 005D,E05004095,Victoria, ,E07000069,Castle Point
,1,15995,E01021482,Castle Point 006A,E05004083,Boyce, ,E07000069,Castle Point
,1,17188,E01021518,Castle Point 006B,E05004092,St James, ,E07000069,Castle Point
,1,19312,E01021520,Castle Point 006C,E05004092,St James, ,E07000069,Castle Point
,1,18445,E01021529,Castle Point 006D,E05004095,Victoria, ,E07000069,Castle Point
,1,15999,E01021480,Castle Point 007A,E05004083,Boyce, ,E07000069,Castle Point
,1,18441,E01021521,Castle Point 007B,E05004093,St Mary's, ,E07000069,Castle Point
,1,18439,E01021522,Castle Point 007C,E05004093,St Mary's, ,E07000069,Castle Point
,1,18440,E01021523,Castle Point 007D,E05004093,St Mary's, ,E07000069,Castle Point
,1,19311,E01021524,Castle Point 007E,E05004093,St Mary's, ,E07000069,Castle Point
,1,15985,E01021487,Castle Point 008A,E05004084,Canvey Island Central, ,E07000069,Castle Point
,1,18506,E01021494,Castle Point 008B,E05004086,Canvey Island North, ,E07000069,Castle Point
,1,18706,E01021504,Castle Point 008C,E05004089,Canvey Island Winter Gardens, ,E07000069,Castle Point
,1,18708,E01021505,Castle Point 008D,E05004089,Canvey Island Winter Gardens, ,E07000069,Castle Point
,1,18702,E01021506,Castle Point 008E,E05004089,Canvey Island Winter Gardens, ,E07000069,Castle Point
,1,18509,E01021492,Castle Point 009A,E05004085,Canvey Island East, ,E07000069,Castle Point
,1,19316,E01021493,Castle Point 009B,E05004086,Canvey Island North, ,E07000069,Castle Point
,1,18505,E01021495,Castle Point 009C,E05004086,Canvey Island North, ,E07000069,Castle Point
,1,18503,E01021496,Castle Point 009D,E05004086,Canvey Island North, ,E07000069,Castle Point
,1,15989,E01021485,Castle Point 010A,E05004084,Canvey Island Central, ,E07000069,Castle Point
,1,15987,E01021486,Castle Point 010B,E05004084,Canvey Island Central, ,E07000069,Castle Point
,1,16002,E01021488,Castle Point 010C,E05004084,Canvey Island Central, ,E07000069,Castle Point
,1,18712,E01021503,Castle Point 010D,E05004088,Canvey Island West, ,E07000069,Castle Point
,1,18704,E01021507,Castle Point 010E,E05004089,Canvey Island Winter Gardens, ,E07000069,Castle Point
,1,18716,E01021508,Castle Point 010F,E05004089,Canvey Island Winter Gardens, ,E07000069,Castle Point
,1,15991,E01021484,Castle Point 011A,E05004084,Canvey Island Central, ,E07000069,Castle Point
,1,18516,E01021498,Castle Point 011B,E05004087,Canvey Island South, ,E07000069,Castle Point
,1,18514,E01021499,Castle Point 011C,E05004087,Canvey Island South, ,E07000069,Castle Point
,1,18714,E01021501,Castle Point 011D,E05004088,Canvey Island West, ,E07000069,Castle Point
,1,18710,E01021502,Castle Point 011E,E05004088,Canvey Island West, ,E07000069,Castle Point
,1,16001,E01021489,Castle Point 012A,E05004085,Canvey Island East, ,E07000069,Castle Point
,1,18512,E01021490,Castle Point 012B,E05004085,Canvey Island East, ,E07000069,Castle Point
,1,18510,E01021491,Castle Point 012C,E05004085,Canvey Island East, ,E07000069,Castle Point
,1,18501,E01021497,Castle Point 012D,E05004087,Canvey Island South, ,E07000069,Castle Point
,1,19330,E01021500,Castle Point 012E,E05004087,Canvey Island South, ,E07000069,Castle Point
,1,16781,E01021538,Chelmsford 001A,E05004097,Boreham and The Leighs, ,E07000070,Chelmsford
,1,16782,E01021539,Chelmsford 001B,E05004098,Broomfield and The Walthams, ,E07000070,Chelmsford
,1,17931,E01021540,Chelmsford 001C,E05004098,Broomfield and The Walthams, ,E07000070,Chelmsford
,1,17932,E01021541,Chelmsford 001D,E05004098,Broomfield and The Walthams, ,E07000070,Chelmsford
,1,17929,E01021542,Chelmsford 002A,E05004098,Broomfield and The Walthams, ,E07000070,Chelmsford
,1,17930,E01021543,Chelmsford 002B,E05004098,Broomfield and The Walthams, ,E07000070,Chelmsford
,1,18701,E01021587,Chelmsford 002C,E05004109,Patching Hall, ,E07000070,Chelmsford
,1,17187,E01021590,Chelmsford 002D,E05004109,Patching Hall, ,E07000070,Chelmsford
,1,17184,E01021591,Chelmsford 002E,E05004109,Patching Hall, ,E07000070,Chelmsford
,1,15929,E01021550,Chelmsford 003A,E05004100,Chelmsford Rural West, ,E07000070,Chelmsford
,1,17173,E01021597,Chelmsford 003B,E05004111,St Andrews, ,E07000070,Chelmsford
,1,17191,E01021598,Chelmsford 003C,E05004111,St Andrews, ,E07000070,Chelmsford
,1,19335,E01021600,Chelmsford 003D,E05004111,St Andrews, ,E07000070,Chelmsford
,1,18868,E01021601,Chelmsford 003E,E05004111,St Andrews, ,E07000070,Chelmsford
,1,17313,E01021616,Chelmsford 004A,E05004115,Springfield North, ,E07000070,Chelmsford
,1,17315,E01021617,Chelmsford 004B,E05004115,Springfield North, ,E07000070,Chelmsford
,1,17338,E01021619,Chelmsford 004C,E05004115,Springfield North, ,E07000070,Chelmsford
,1,18570,E01021620,Chelmsford 004D,E05004115,Springfield North, ,E07000070,Chelmsford
,1,18569,E01021623,Chelmsford 004E,E05004116,The Lawns, ,E07000070,Chelmsford
,1,18566,E01021624,Chelmsford 004F,E05004116,The Lawns, ,E07000070,Chelmsford
,1,16774,E01021536,Chelmsford 005A,E05004097,Boreham and The Leighs, ,E07000070,Chelmsford
,1,16775,E01021537,Chelmsford 005B,E05004097,Boreham and The Leighs, ,E07000070,Chelmsford
,1,17565,E01021568,Chelmsford 005D,E05004105,"Little Baddow, Danbury and Sandon", ,E07000070,Chelmsford
,1,17905,E01033142,Chelmsford 005E,E05004099,Chelmer Village and Beaulieu Park, ,E07000070,Chelmsford
,1,17903,E01033144,Chelmsford 005F,E05004099,Chelmer Village and Beaulieu Park, ,E07000070,Chelmsford
,1,16331,E01021576,Chelmsford 006A,E05004106,Marconi, ,E07000070,Chelmsford
,1,18717,E01021588,Chelmsford 006B,E05004109,Patching Hall, ,E07000070,Chelmsford
,1,18715,E01021589,Chelmsford 006C,E05004109,Patching Hall, ,E07000070,Chelmsford
,1,17183,E01021592,Chelmsford 006D,E05004109,Patching Hall, ,E07000070,Chelmsford
,1,17175,E01021596,Chelmsford 006E,E05004111,St Andrews, ,E07000070,Chelmsford
,1,17336,E01021618,Chelmsford 007A,E05004115,Springfield North, ,E07000070,Chelmsford
,1,18571,E01021621,Chelmsford 007B,E05004115,Springfield North, ,E07000070,Chelmsford
,1,18568,E01021622,Chelmsford 007C,E05004116,The Lawns, ,E07000070,Chelmsford
,1,18567,E01021625,Chelmsford 007D,E05004116,The Lawns, ,E07000070,Chelmsford
,1,18564,E01021626,Chelmsford 007E,E05004117,Trinity, ,E07000070,Chelmsford
,1,17927,E01021544,Chelmsford 008A,E05004099,Chelmer Village and Beaulieu Park, ,E07000070,Chelmsford
,1,17928,E01021545,Chelmsford 008B,E05004099,Chelmer Village and Beaulieu Park, ,E07000070,Chelmsford
,1,17925,E01021546,Chelmsford 008C,E05004099,Chelmer Village and Beaulieu Park, ,E07000070,Chelmsford
,1,17926,E01021547,Chelmsford 008D,E05004099,Chelmer Village and Beaulieu Park, ,E07000070,Chelmsford
,1,18572,E01021628,Chelmsford 008E,E05004117,Trinity, ,E07000070,Chelmsford
,1,18573,E01021629,Chelmsford 008F,E05004117,Trinity, ,E07000070,Chelmsford
,1,16336,E01021573,Chelmsford 009A,E05004106,Marconi, ,E07000070,Chelmsford
,1,16334,E01021575,Chelmsford 009B,E05004106,Marconi, ,E07000070,Chelmsford
,1,17189,E01021599,Chelmsford 009C,E05004111,St Andrews, ,E07000070,Chelmsford
,1,16876,E01021631,Chelmsford 009E,E05004118,Waterhouse Farm, ,E07000070,Chelmsford
,1,16753,E01033138,Chelmsford 009F,E05004118,Waterhouse Farm, ,E07000070,Chelmsford
,1,19265,E01033139,Chelmsford 009G,E05004118,Waterhouse Farm, ,E07000070,Chelmsford
,1,16333,E01021574,Chelmsford 010A,E05004106,Marconi, ,E07000070,Chelmsford
,1,16338,E01021578,Chelmsford 010B,E05004107,Moulsham and Central, ,E07000070,Chelmsford
,1,18711,E01021582,Chelmsford 010D,E05004107,Moulsham and Central, ,E07000070,Chelmsford
,1,18565,E01021627,Chelmsford 010E,E05004117,Trinity, ,E07000070,Chelmsford
,1,17907,E01033140,Chelmsford 010F,E05004107,Moulsham and Central, ,E07000070,Chelmsford
,1,17908,E01033141,Chelmsford 010G,E05004107,Moulsham and Central, ,E07000070,Chelmsford
,1,19251,E01021551,Chelmsford 011A,E05004100,Chelmsford Rural West, ,E07000070,Chelmsford
,1,16874,E01021632,Chelmsford 011B,E05004118,Waterhouse Farm, ,E07000070,Chelmsford
,1,16875,E01021633,Chelmsford 011C,E05004119,Writtle, ,E07000070,Chelmsford
,1,16872,E01021634,Chelmsford 011D,E05004119,Writtle, ,E07000070,Chelmsford
,1,16873,E01021635,Chelmsford 011E,E05004119,Writtle, ,E07000070,Chelmsford
,1,16870,E01021636,Chelmsford 011F,E05004119,Writtle, ,E07000070,Chelmsford
,1,15923,E01021556,Chelmsford 012A,E05004102,Goat Hall, ,E07000070,Chelmsford
,1,16332,E01021577,Chelmsford 012B,E05004107,Moulsham and Central, ,E07000070,Chelmsford
,1,16339,E01021579,Chelmsford 012C,E05004107,Moulsham and Central, ,E07000070,Chelmsford
,1,18713,E01021580,Chelmsford 012D,E05004107,Moulsham and Central, ,E07000070,Chelmsford
,1,18707,E01021584,Chelmsford 012E,E05004108,Moulsham Lodge, ,E07000070,Chelmsford
,1,17933,E01021548,Chelmsford 013A,E05004099,Chelmer Village and Beaulieu Park, ,E07000070,Chelmsford
,1,17563,E01021560,Chelmsford 013B,E05004103,Great Baddow East, ,E07000070,Chelmsford
,1,17564,E01021561,Chelmsford 013C,E05004103,Great Baddow East, ,E07000070,Chelmsford
,1,17559,E01021564,Chelmsford 013D,E05004103,Great Baddow East, ,E07000070,Chelmsford
,1,16337,E01021571,Chelmsford 013E,E05004105,"Little Baddow, Danbury and Sandon", ,E07000070,Chelmsford
,1,17561,E01021562,Chelmsford 014A,E05004103,Great Baddow East, ,E07000070,Chelmsford
,1,17562,E01021563,Chelmsford 014B,E05004103,Great Baddow East, ,E07000070,Chelmsford
,1,17560,E01021565,Chelmsford 014C,E05004104,Great Baddow West, ,E07000070,Chelmsford
,1,17558,E01021566,Chelmsford 014D,E05004104,Great Baddow West, ,E07000070,Chelmsford
,1,16750,E01033137,Chelmsford 014F,E05004104,Great Baddow West, ,E07000070,Chelmsford
,1,17904,E01033145,Chelmsford 014G,E05004104,Great Baddow West, ,E07000070,Chelmsford
,1,15924,E01021557,Chelmsford 015A,E05004102,Goat Hall, ,E07000070,Chelmsford
,1,15930,E01021558,Chelmsford 015B,E05004102,Goat Hall, ,E07000070,Chelmsford
,1,18709,E01021583,Chelmsford 015C,E05004108,Moulsham Lodge, ,E07000070,Chelmsford
,1,18705,E01021585,Chelmsford 015D,E05004108,Moulsham Lodge, ,E07000070,Chelmsford
,1,18703,E01021586,Chelmsford 015E,E05004108,Moulsham Lodge, ,E07000070,Chelmsford
,1,16778,E01021533,Chelmsford 016A,E05004096,Bicknacre and East and West Hanningfield, ,E07000070,Chelmsford
,1,16776,E01021535,Chelmsford 016B,E05004096,Bicknacre and East and West Hanningfield, ,E07000070,Chelmsford
,1,17566,E01021569,Chelmsford 016C,E05004105,"Little Baddow, Danbury and Sandon", ,E07000070,Chelmsford
,1,19243,E01021570,Chelmsford 016D,E05004105,"Little Baddow, Danbury and Sandon", ,E07000070,Chelmsford
,1,16335,E01021572,Chelmsford 016E,E05004105,"Little Baddow, Danbury and Sandon", ,E07000070,Chelmsford
,1,15927,E01021552,Chelmsford 017A,E05004101,Galleywood, ,E07000070,Chelmsford
,1,15928,E01021553,Chelmsford 017B,E05004101,Galleywood, ,E07000070,Chelmsford
,1,15925,E01021554,Chelmsford 017C,E05004101,Galleywood, ,E07000070,Chelmsford
,1,15926,E01021555,Chelmsford 017D,E05004101,Galleywood, ,E07000070,Chelmsford
,1,15933,E01021559,Chelmsford 017E,E05004102,Goat Hall, ,E07000070,Chelmsford
,1,18861,E01021602,Chelmsford 018B,E05004112,"South Hanningfield, Stock and Margaretting", ,E07000070,Chelmsford
,1,18855,E01021604,Chelmsford 018D,E05004112,"South Hanningfield, Stock and Margaretting", ,E07000070,Chelmsford
,1,17906,E01033143,Chelmsford 018E,E05004112,"South Hanningfield, Stock and Margaretting", ,E07000070,Chelmsford
,1,17332,E01021611,Chelmsford 019A,E05004114,South Woodham-Elmwood and Woodville, ,E07000070,Chelmsford
,1,17324,E01021612,Chelmsford 019B,E05004114,South Woodham-Elmwood and Woodville, ,E07000070,Chelmsford
,1,17327,E01021613,Chelmsford 019C,E05004114,South Woodham-Elmwood and Woodville, ,E07000070,Chelmsford
,1,17318,E01021614,Chelmsford 019D,E05004114,South Woodham-Elmwood and Woodville, ,E07000070,Chelmsford
,1,17321,E01021615,Chelmsford 019E,E05004114,South Woodham-Elmwood and Woodville, ,E07000070,Chelmsford
,1,18858,E01021605,Chelmsford 020A,E05004113,South Woodham-Chetwood and Collingwood, ,E07000070,Chelmsford
,1,18851,E01021606,Chelmsford 020B,E05004113,South Woodham-Chetwood and Collingwood, ,E07000070,Chelmsford
,1,18853,E01021607,Chelmsford 020C,E05004113,South Woodham-Chetwood and Collingwood, ,E07000070,Chelmsford
,1,18873,E01021608,Chelmsford 020D,E05004113,South Woodham-Chetwood and Collingwood, ,E07000070,Chelmsford
,1,18875,E01021609,Chelmsford 020E,E05004113,South Woodham-Chetwood and Collingwood, ,E07000070,Chelmsford
,1,17329,E01021610,Chelmsford 020F,E05004113,South Woodham-Chetwood and Collingwood, ,E07000070,Chelmsford
,1,17181,E01021593,Chelmsford 021A,E05004110,Rettendon and Runwell, ,E07000070,Chelmsford
,1,17179,E01021594,Chelmsford 021B,E05004110,Rettendon and Runwell, ,E07000070,Chelmsford
,1,17177,E01021595,Chelmsford 021C,E05004110,Rettendon and Runwell, ,E07000070,Chelmsford
,1,16066,E01021655,Colchester 001A,E05004125,Dedham and Langham, ,E07000071,Colchester
,1,16063,E01021656,Colchester 001B,E05004125,Dedham and Langham, ,E07000071,Colchester
,1,16074,E01021659,Colchester 001C,E05004127,Fordham and Stour, ,E07000071,Colchester
,1,17690,E01021661,Colchester 001D,E05004127,Fordham and Stour, ,E07000071,Colchester
,1,17691,E01021668,Colchester 002A,E05004130,Highwoods, ,E07000071,Colchester
,1,17692,E01021669,Colchester 002B,E05004130,Highwoods, ,E07000071,Colchester
,1,16466,E01021670,Colchester 002C,E05004130,Highwoods, ,E07000071,Colchester
,1,16467,E01021671,Colchester 002D,E05004130,Highwoods, ,E07000071,Colchester
,1,18528,E01033720,Colchester 002F,E05004130,Highwoods, ,E07000071,Colchester
,1,18529,E01033721,Colchester 002G,E05004130,Highwoods, ,E07000071,Colchester
,1,17689,E01021660,Colchester 003A,E05004127,Fordham and Stour, ,E07000071,Colchester
,1,19283,E01021728,Colchester 003B,E05004143,West Bergholt and Eight Ash Green, ,E07000071,Colchester
,1,17262,E01021729,Colchester 003C,E05004143,West Bergholt and Eight Ash Green, ,E07000071,Colchester
,1,19182,E01021730,Colchester 003D,E05004143,West Bergholt and Eight Ash Green, ,E07000071,Colchester
,1,16469,E01021679,Colchester 004A,E05004133,Mile End, ,E07000071,Colchester
,1,18869,E01021680,Colchester 004B,E05004133,Mile End, ,E07000071,Colchester
,1,18866,E01021681,Colchester 004C,E05004133,Mile End, ,E07000071,Colchester
,1,18864,E01021682,Colchester 004D,E05004133,Mile End, ,E07000071,Colchester
,1,18002,E01021646,Colchester 007A,E05004122,Castle, ,E07000071,Colchester
,1,18003,E01021647,Colchester 007B,E05004122,Castle, ,E07000071,Colchester
,1,18076,E01021648,Colchester 007C,E05004122,Castle, ,E07000071,Colchester
,1,18158,E01021649,Colchester 007D,E05004122,Castle, ,E07000071,Colchester
,1,16069,E01021650,Colchester 007E,E05004122,Castle, ,E07000071,Colchester
,1,17316,E01021696,Colchester 008A,E05004137,St Andrew's, ,E07000071,Colchester
,1,17314,E01021697,Colchester 008B,E05004137,St Andrew's, ,E07000071,Colchester
,1,17339,E01021698,Colchester 008C,E05004137,St Andrew's, ,E07000071,Colchester
,1,17337,E01021699,Colchester 008D,E05004137,St Andrew's, ,E07000071,Colchester
,1,17671,E01021700,Colchester 008E,E05004137,St Andrew's, ,E07000071,Colchester
,1,17253,E01033719,Colchester 008G,E05004137,St Andrew's, ,E07000071,Colchester
,1,18526,E01033722,Colchester 008H,E05004137,St Andrew's, ,E07000071,Colchester
,1,16465,E01021673,Colchester 009A,E05004131,Lexden, ,E07000071,Colchester
,1,16463,E01021674,Colchester 009B,E05004131,Lexden, ,E07000071,Colchester
,1,16464,E01021675,Colchester 009C,E05004131,Lexden, ,E07000071,Colchester
,1,16461,E01021676,Colchester 009D,E05004131,Lexden, ,E07000071,Colchester
,1,16065,E01021654,Colchester 010A,E05004124,Copford and West Stanway, ,E07000071,Colchester
,1,17687,E01021662,Colchester 010B,E05004128,Great Tey, ,E07000071,Colchester
,1,17688,E01021663,Colchester 010C,E05004128,Great Tey, ,E07000071,Colchester
,1,16462,E01021677,Colchester 010D,E05004132,Marks Tey, ,E07000071,Colchester
,1,16468,E01021678,Colchester 010E,E05004132,Marks Tey, ,E07000071,Colchester
,1,18862,E01021683,Colchester 011A,E05004134,New Town, ,E07000071,Colchester
,1,18859,E01021684,Colchester 011B,E05004134,New Town, ,E07000071,Colchester
,1,18856,E01021685,Colchester 011C,E05004134,New Town, ,E07000071,Colchester
,1,18854,E01021686,Colchester 011D,E05004134,New Town, ,E07000071,Colchester
,1,18852,E01021687,Colchester 011E,E05004134,New Town, ,E07000071,Colchester
,1,18876,E01021688,Colchester 011F,E05004134,New Town, ,E07000071,Colchester
,1,16455,E01021718,Colchester 012A,E05004141,Stanway, ,E07000071,Colchester
,1,16457,E01021719,Colchester 012B,E05004141,Stanway, ,E07000071,Colchester
,1,17260,E01021720,Colchester 012C,E05004141,Stanway, ,E07000071,Colchester
,1,17261,E01021721,Colchester 012D,E05004141,Stanway, ,E07000071,Colchester
,1,17258,E01021722,Colchester 012E,E05004141,Stanway, ,E07000071,Colchester
,1,16070,E01021651,Colchester 013A,E05004123,Christ Church, ,E07000071,Colchester
,1,16067,E01021652,Colchester 013B,E05004123,Christ Church, ,E07000071,Colchester
,1,16068,E01021653,Colchester 013C,E05004123,Christ Church, ,E07000071,Colchester
,1,16435,E01021717,Colchester 013D,E05004140,Shrub End, ,E07000071,Colchester
,1,18874,E01021689,Colchester 014A,E05004135,Prettygate, ,E07000071,Colchester
,1,17333,E01021690,Colchester 014B,E05004135,Prettygate, ,E07000071,Colchester
,1,17330,E01021691,Colchester 014C,E05004135,Prettygate, ,E07000071,Colchester
,1,17328,E01021692,Colchester 014D,E05004135,Prettygate, ,E07000071,Colchester
,1,17325,E01021693,Colchester 014E,E05004135,Prettygate, ,E07000071,Colchester
,1,16450,E01021711,Colchester 015A,E05004140,Shrub End, ,E07000071,Colchester
,1,16444,E01021713,Colchester 015C,E05004140,Shrub End, ,E07000071,Colchester
,1,16437,E01021714,Colchester 015D,E05004140,Shrub End, ,E07000071,Colchester
,1,16440,E01021715,Colchester 015E,E05004140,Shrub End, ,E07000071,Colchester
,1,18527,E01033723,Colchester 015G,E05004140,Shrub End, ,E07000071,Colchester
,1,16064,E01021657,Colchester 016A,E05004126,East Donyland, ,E07000071,Colchester
,1,16071,E01021658,Colchester 016B,E05004126,East Donyland, ,E07000071,Colchester
,1,17685,E01021664,Colchester 016C,E05004129,Old Heath, ,E07000071,Colchester
,1,17686,E01021665,Colchester 016D,E05004129,Old Heath, ,E07000071,Colchester
,1,17683,E01021666,Colchester 016E,E05004129,Old Heath, ,E07000071,Colchester
,1,17684,E01021667,Colchester 016F,E05004129,Old Heath, ,E07000071,Colchester
,1,19176,E01021736,Colchester 017A,E05004145,Wivenhoe Cross, ,E07000071,Colchester
,1,19177,E01021737,Colchester 017B,E05004145,Wivenhoe Cross, ,E07000071,Colchester
,1,19183,E01021738,Colchester 017C,E05004146,Wivenhoe Quay, ,E07000071,Colchester
,1,19184,E01021739,Colchester 017D,E05004146,Wivenhoe Quay, ,E07000071,Colchester
,1,16846,E01021740,Colchester 017E,E05004146,Wivenhoe Quay, ,E07000071,Colchester
,1,16871,E01021637,Colchester 018A,E05004120,Berechurch, ,E07000071,Colchester
,1,16877,E01021638,Colchester 018B,E05004120,Berechurch, ,E07000071,Colchester
,1,16878,E01021639,Colchester 018C,E05004120,Berechurch, ,E07000071,Colchester
,1,18008,E01021640,Colchester 018D,E05004120,Berechurch, ,E07000071,Colchester
,1,18075,E01021641,Colchester 018E,E05004120,Berechurch, ,E07000071,Colchester
,1,18006,E01021642,Colchester 018F,E05004120,Berechurch, ,E07000071,Colchester
,1,18007,E01021643,Colchester 019A,E05004121,Birch and Winstree, ,E07000071,Colchester
,1,18004,E01021644,Colchester 019B,E05004121,Birch and Winstree, ,E07000071,Colchester
,1,18005,E01021645,Colchester 019C,E05004121,Birch and Winstree, ,E07000071,Colchester
,1,17322,E01021694,Colchester 019D,E05004136,Pyefleet, ,E07000071,Colchester
,1,17319,E01021695,Colchester 019E,E05004136,Pyefleet, ,E07000071,Colchester
,1,17259,E01021723,Colchester 020A,E05004142,Tiptree, ,E07000071,Colchester
,1,17256,E01021724,Colchester 020B,E05004142,Tiptree, ,E07000071,Colchester
,1,17257,E01021725,Colchester 020C,E05004142,Tiptree, ,E07000071,Colchester
,1,17254,E01021726,Colchester 020D,E05004142,Tiptree, ,E07000071,Colchester
,1,17255,E01021727,Colchester 020E,E05004142,Tiptree, ,E07000071,Colchester
,1,19345,E01021731,Colchester 021A,E05004144,West Mersea, ,E07000071,Colchester
,1,19180,E01021732,Colchester 021B,E05004144,West Mersea, ,E07000071,Colchester
,1,19181,E01021733,Colchester 021C,E05004144,West Mersea, ,E07000071,Colchester
,1,19178,E01021734,Colchester 021D,E05004144,West Mersea, ,E07000071,Colchester
,1,19179,E01021735,Colchester 021E,E05004144,West Mersea, ,E07000071,Colchester
,1,17677,E01021708,Colchester 022A,E05004139,St John's, ,E07000071,Colchester
,1,17679,E01021709,Colchester 022B,E05004139,St John's, ,E07000071,Colchester
,1,16447,E01021710,Colchester 022C,E05004139,St John's, ,E07000071,Colchester
,1,17665,E01021702,Colchester 022D,E05004138,St Anne's, ,E07000071,Colchester
,1,17668,E01021703,Colchester 022E,E05004138,St Anne's, ,E07000071,Colchester
,1,17661,E01021704,Colchester 022F,E05004138,St Anne's, ,E07000071,Colchester
,1,17663,E01021705,Colchester 022G,E05004138,St Anne's, ,E07000071,Colchester
,1,17656,E01021706,Colchester 022H,E05004138,St Anne's, ,E07000071,Colchester
,1,17658,E01021707,Colchester 022I,E05004138,St Anne's, ,E07000071,Colchester
,1,16038,E01021768,Epping Forest 001A,E05008940,"Hastingwood, Matching and Sheering Village", ,E07000072,Epping Forest
,1,16438,E01021795,Epping Forest 001B,E05004167,Lower Sheering, ,E07000072,Epping Forest
,1,16434,E01021797,Epping Forest 001C,E05004169,North Weald Bassett, ,E07000072,Epping Forest
,1,16458,E01021798,Epping Forest 001D,E05004169,North Weald Bassett, ,E07000072,Epping Forest
,1,16456,E01021799,Epping Forest 001E,E05004169,North Weald Bassett, ,E07000072,Epping Forest
,1,16847,E01021741,Epping Forest 002A,E05004147,"Broadley Common, Epping Upland and Nazeing", ,E07000072,Epping Forest
,1,16445,E01021792,Epping Forest 002B,E05004166,Lower Nazeing, ,E07000072,Epping Forest
,1,16442,E01021793,Epping Forest 002C,E05004166,Lower Nazeing, ,E07000072,Epping Forest
,1,19246,E01021794,Epping Forest 002D,E05004166,Lower Nazeing, ,E07000072,Epping Forest
,1,15862,E01021801,Epping Forest 002E,E05004171,Roydon, ,E07000072,Epping Forest
,1,16041,E01021769,Epping Forest 003A,E05004157,"High Ongar, Willingale and The Rodings", ,E07000072,Epping Forest
,1,16436,E01021796,Epping Forest 003B,E05008941,Moreton and Fyfield, ,E07000072,Epping Forest
,1,15859,E01021800,Epping Forest 003C,E05004170,Passingford, ,E07000072,Epping Forest
,1,18798,E01021753,Epping Forest 004A,E05004152,"Chipping Ongar, Greensted and Marden Ash", ,E07000072,Epping Forest
,1,18795,E01021754,Epping Forest 004B,E05004152,"Chipping Ongar, Greensted and Marden Ash", ,E07000072,Epping Forest
,1,18796,E01021755,Epping Forest 004C,E05004152,"Chipping Ongar, Greensted and Marden Ash", ,E07000072,Epping Forest
,1,15854,E01021802,Epping Forest 004D,E05004172,Shelley, ,E07000072,Epping Forest
,1,16033,E01021760,Epping Forest 005A,E05004154,Epping Lindsey and Thornwood Common, ,E07000072,Epping Forest
,1,16035,E01021761,Epping Forest 005B,E05004154,Epping Lindsey and Thornwood Common, ,E07000072,Epping Forest
,1,16027,E01021762,Epping Forest 005C,E05004154,Epping Lindsey and Thornwood Common, ,E07000072,Epping Forest
,1,16030,E01021763,Epping Forest 005D,E05004154,Epping Lindsey and Thornwood Common, ,E07000072,Epping Forest
,1,18793,E01021756,Epping Forest 006A,E05004153,Epping Hemnall, ,E07000072,Epping Forest
,1,18794,E01021757,Epping Forest 006B,E05004153,Epping Hemnall, ,E07000072,Epping Forest
,1,18801,E01021758,Epping Forest 006C,E05004153,Epping Hemnall, ,E07000072,Epping Forest
,1,18802,E01021759,Epping Forest 006D,E05004153,Epping Hemnall, ,E07000072,Epping Forest
,1,18361,E01021811,Epping Forest 007A,E05004176,Waltham Abbey North East, ,E07000072,Epping Forest
,1,18353,E01021813,Epping Forest 007B,E05004176,Waltham Abbey North East, ,E07000072,Epping Forest
,1,18345,E01021814,Epping Forest 007C,E05004177,Waltham Abbey Paternoster, ,E07000072,Epping Forest
,1,18348,E01021815,Epping Forest 007D,E05004177,Waltham Abbey Paternoster, ,E07000072,Epping Forest
,1,18341,E01021816,Epping Forest 007E,E05004177,Waltham Abbey Paternoster, ,E07000072,Epping Forest
,1,15846,E01021807,Epping Forest 008A,E05004175,Waltham Abbey Honey Lane, ,E07000072,Epping Forest
,1,15867,E01021808,Epping Forest 008B,E05004175,Waltham Abbey Honey Lane, ,E07000072,Epping Forest
,1,15869,E01021809,Epping Forest 008C,E05004175,Waltham Abbey Honey Lane, ,E07000072,Epping Forest
,1,18357,E01021810,Epping Forest 008D,E05004175,Waltham Abbey Honey Lane, ,E07000072,Epping Forest
,1,18343,E01021817,Epping Forest 008E,E05004178,Waltham Abbey South West, ,E07000072,Epping Forest
,1,15844,E01021806,Epping Forest 009A,E05004174,Waltham Abbey High Beach, ,E07000072,Epping Forest
,1,19308,E01021812,Epping Forest 009B,E05004176,Waltham Abbey North East, ,E07000072,Epping Forest
,1,18372,E01021818,Epping Forest 009C,E05004178,Waltham Abbey South West, ,E07000072,Epping Forest
,1,18536,E01021770,Epping Forest 010A,E05004158,Lambourne, ,E07000072,Epping Forest
,1,15856,E01021803,Epping Forest 010B,E05004173,Theydon Bois, ,E07000072,Epping Forest
,1,15848,E01021804,Epping Forest 010C,E05004173,Theydon Bois, ,E07000072,Epping Forest
,1,15851,E01021805,Epping Forest 010D,E05004173,Theydon Bois, ,E07000072,Epping Forest
,1,18532,E01021774,Epping Forest 011A,E05004160,Loughton Broadway, ,E07000072,Epping Forest
,1,18533,E01021775,Epping Forest 011B,E05004160,Loughton Broadway, ,E07000072,Epping Forest
,1,18530,E01021776,Epping Forest 011C,E05004160,Loughton Broadway, ,E07000072,Epping Forest
,1,18531,E01021777,Epping Forest 011D,E05004161,Loughton Fairmead, ,E07000072,Epping Forest
,1,18538,E01021778,Epping Forest 011E,E05004161,Loughton Fairmead, ,E07000072,Epping Forest
,1,18540,E01021779,Epping Forest 011F,E05004161,Loughton Fairmead, ,E07000072,Epping Forest
,1,17659,E01021786,Epping Forest 012A,E05004164,Loughton St John's, ,E07000072,Epping Forest
,1,17657,E01021787,Epping Forest 012B,E05004164,Loughton St John's, ,E07000072,Epping Forest
,1,17680,E01021788,Epping Forest 012C,E05004164,Loughton St John's, ,E07000072,Epping Forest
,1,17678,E01021789,Epping Forest 012D,E05004165,Loughton St Mary's, ,E07000072,Epping Forest
,1,16451,E01021790,Epping Forest 012E,E05004165,Loughton St Mary's, ,E07000072,Epping Forest
,1,16448,E01021791,Epping Forest 012F,E05004165,Loughton St Mary's, ,E07000072,Epping Forest
,1,18537,E01021771,Epping Forest 013A,E05004159,Loughton Alderton, ,E07000072,Epping Forest
,1,18534,E01021772,Epping Forest 013B,E05004159,Loughton Alderton, ,E07000072,Epping Forest
,1,18535,E01021773,Epping Forest 013C,E05004159,Loughton Alderton, ,E07000072,Epping Forest
,1,17666,E01021783,Epping Forest 013D,E05004163,Loughton Roding, ,E07000072,Epping Forest
,1,19293,E01021784,Epping Forest 013E,E05004163,Loughton Roding, ,E07000072,Epping Forest
,1,17674,E01021780,Epping Forest 014A,E05004162,Loughton Forest, ,E07000072,Epping Forest
,1,17672,E01021781,Epping Forest 014B,E05004162,Loughton Forest, ,E07000072,Epping Forest
,1,17669,E01021782,Epping Forest 014C,E05004162,Loughton Forest, ,E07000072,Epping Forest
,1,19292,E01021785,Epping Forest 014D,E05004163,Loughton Roding, ,E07000072,Epping Forest
,1,16844,E01021742,Epping Forest 015A,E05004148,Buckhurst Hill East, ,E07000072,Epping Forest
,1,16845,E01021743,Epping Forest 015B,E05004148,Buckhurst Hill East, ,E07000072,Epping Forest
,1,16842,E01021744,Epping Forest 015C,E05004148,Buckhurst Hill East, ,E07000072,Epping Forest
,1,16843,E01021745,Epping Forest 015D,E05004149,Buckhurst Hill West, ,E07000072,Epping Forest
,1,16840,E01021746,Epping Forest 015E,E05004149,Buckhurst Hill West, ,E07000072,Epping Forest
,1,16841,E01021747,Epping Forest 015F,E05004149,Buckhurst Hill West, ,E07000072,Epping Forest
,1,16848,E01021748,Epping Forest 015G,E05004149,Buckhurst Hill West, ,E07000072,Epping Forest
,1,16850,E01021749,Epping Forest 016A,E05004150,Chigwell Row, ,E07000072,Epping Forest
,1,18799,E01021750,Epping Forest 016B,E05004151,Chigwell Village, ,E07000072,Epping Forest
,1,18800,E01021751,Epping Forest 016C,E05004151,Chigwell Village, ,E07000072,Epping Forest
,1,18797,E01021752,Epping Forest 016D,E05004151,Chigwell Village, ,E07000072,Epping Forest
,1,16021,E01021764,Epping Forest 017A,E05004155,Grange Hill, ,E07000072,Epping Forest
,1,16024,E01021765,Epping Forest 017B,E05004155,Grange Hill, ,E07000072,Epping Forest
,1,16015,E01021766,Epping Forest 017C,E05004155,Grange Hill, ,E07000072,Epping Forest
,1,16018,E01021767,Epping Forest 017D,E05004155,Grange Hill, ,E07000072,Epping Forest
,1,17452,E01021854,Harlow 001A,E05004186,Old Harlow, ,E07000073,Harlow
,1,17453,E01021855,Harlow 001B,E05004186,Old Harlow, ,E07000073,Harlow
,1,17450,E01021856,Harlow 001C,E05004186,Old Harlow, ,E07000073,Harlow
,1,17451,E01021857,Harlow 001D,E05004186,Old Harlow, ,E07000073,Harlow
,1,19029,E01021844,Harlow 002A,E05004184,Mark Hall, ,E07000073,Harlow
,1,19030,E01021845,Harlow 002B,E05004184,Mark Hall, ,E07000073,Harlow
,1,19341,E01021846,Harlow 002C,E05004184,Mark Hall, ,E07000073,Harlow
,1,19028,E01021847,Harlow 002D,E05004184,Mark Hall, ,E07000073,Harlow
,1,19035,E01021848,Harlow 002E,E05004184,Mark Hall, ,E07000073,Harlow
,1,19036,E01021849,Harlow 003A,E05004185,Netteswell, ,E07000073,Harlow
,1,17456,E01021850,Harlow 003B,E05004185,Netteswell, ,E07000073,Harlow
,1,17457,E01021851,Harlow 003C,E05004185,Netteswell, ,E07000073,Harlow
,1,17454,E01021852,Harlow 003D,E05004185,Netteswell, ,E07000073,Harlow
,1,17455,E01021853,Harlow 003E,E05004185,Netteswell, ,E07000073,Harlow
,1,17871,E01021839,Harlow 004A,E05004183,Little Parndon and Hare Street, ,E07000073,Harlow
,1,19033,E01021840,Harlow 004B,E05004183,Little Parndon and Hare Street, ,E07000073,Harlow
,1,19034,E01021841,Harlow 004C,E05004183,Little Parndon and Hare Street, ,E07000073,Harlow
,1,19031,E01021842,Harlow 004D,E05004183,Little Parndon and Hare Street, ,E07000073,Harlow
,1,19032,E01021843,Harlow 004E,E05004183,Little Parndon and Hare Street, ,E07000073,Harlow
,1,16185,E01021824,Harlow 005A,E05004180,Church Langley, ,E07000073,Harlow
,1,16186,E01021825,Harlow 005B,E05004180,Church Langley, ,E07000073,Harlow
,1,16183,E01021826,Harlow 005C,E05004180,Church Langley, ,E07000073,Harlow
,1,16184,E01021827,Harlow 005D,E05004180,Church Langley, ,E07000073,Harlow
,1,16193,E01021828,Harlow 005E,E05004180,Church Langley, ,E07000073,Harlow
,1,18374,E01021819,Harlow 006A,E05004179,Bush Fair, ,E07000073,Harlow
,1,16191,E01021820,Harlow 006B,E05004179,Bush Fair, ,E07000073,Harlow
,1,16187,E01021822,Harlow 006C,E05004179,Bush Fair, ,E07000073,Harlow
,1,16189,E01021823,Harlow 006D,E05004179,Bush Fair, ,E07000073,Harlow
,1,17050,E01021870,Harlow 006E,E05004189,Toddbrook, ,E07000073,Harlow
,1,17870,E01021831,Harlow 007A,E05004181,Great Parndon, ,E07000073,Harlow
,1,18665,E01021868,Harlow 007B,E05004189,Toddbrook, ,E07000073,Harlow
,1,19324,E01021869,Harlow 007C,E05004189,Toddbrook, ,E07000073,Harlow
,1,17051,E01021871,Harlow 007D,E05004189,Toddbrook, ,E07000073,Harlow
,1,17048,E01021872,Harlow 007E,E05004189,Toddbrook, ,E07000073,Harlow
,1,16192,E01021821,Harlow 008A,E05004179,Bush Fair, ,E07000073,Harlow
,1,17865,E01021834,Harlow 008B,E05004182,Harlow Common, ,E07000073,Harlow
,1,17866,E01021835,Harlow 008C,E05004182,Harlow Common, ,E07000073,Harlow
,1,17863,E01021836,Harlow 008D,E05004182,Harlow Common, ,E07000073,Harlow
,1,17864,E01021837,Harlow 008E,E05004182,Harlow Common, ,E07000073,Harlow
,1,16194,E01021829,Harlow 009A,E05004181,Great Parndon, ,E07000073,Harlow
,1,17869,E01021830,Harlow 009B,E05004181,Great Parndon, ,E07000073,Harlow
,1,17867,E01021832,Harlow 009C,E05004181,Great Parndon, ,E07000073,Harlow
,1,17868,E01021833,Harlow 009D,E05004181,Great Parndon, ,E07000073,Harlow
,1,18660,E01021865,Harlow 009E,E05004188,Sumners and Kingsmoor, ,E07000073,Harlow
,1,19299,E01021838,Harlow 010A,E05004182,Harlow Common, ,E07000073,Harlow
,1,17458,E01021858,Harlow 010B,E05004187,Staple Tye, ,E07000073,Harlow
,1,17461,E01021859,Harlow 010C,E05004187,Staple Tye, ,E07000073,Harlow
,1,18663,E01021860,Harlow 010D,E05004187,Staple Tye, ,E07000073,Harlow
,1,18664,E01021861,Harlow 010E,E05004187,Staple Tye, ,E07000073,Harlow
,1,18661,E01021862,Harlow 011A,E05004187,Staple Tye, ,E07000073,Harlow
,1,18662,E01021863,Harlow 011B,E05004188,Sumners and Kingsmoor, ,E07000073,Harlow
,1,18659,E01021864,Harlow 011C,E05004188,Sumners and Kingsmoor, ,E07000073,Harlow
,1,18657,E01021866,Harlow 011D,E05004188,Sumners and Kingsmoor, ,E07000073,Harlow
,1,18658,E01021867,Harlow 011E,E05004188,Sumners and Kingsmoor, ,E07000073,Harlow
,1,18641,E01021908,Maldon 001A,E05004204,Tollesbury, ,E07000074,Maldon
,1,18643,E01021909,Maldon 001B,E05004205,Tolleshunt D'Arcy, ,E07000074,Maldon
,1,17026,E01021910,Maldon 001C,E05004205,Tolleshunt D'Arcy, ,E07000074,Maldon
,1,17030,E01021911,Maldon 001D,E05004205,Tolleshunt D'Arcy, ,E07000074,Maldon
,1,15857,E01021882,Maldon 002A,E05004193,Great Totham, ,E07000074,Maldon
,1,15855,E01021883,Maldon 002B,E05004193,Great Totham, ,E07000074,Maldon
,1,17018,E01021912,Maldon 002C,E05004206,Wickham Bishops and Woodham, ,E07000074,Maldon
,1,17022,E01021913,Maldon 002D,E05004206,Wickham Bishops and Woodham, ,E07000074,Maldon
,1,15852,E01021884,Maldon 003A,E05004194,Heybridge East, ,E07000074,Maldon
,1,15849,E01021885,Maldon 003B,E05004194,Heybridge East, ,E07000074,Maldon
,1,15847,E01021886,Maldon 003C,E05004194,Heybridge East, ,E07000074,Maldon
,1,15845,E01021887,Maldon 003D,E05004195,Heybridge West, ,E07000074,Maldon
,1,15870,E01021888,Maldon 003E,E05004195,Heybridge West, ,E07000074,Maldon
,1,15868,E01021889,Maldon 004A,E05004196,Maldon East, ,E07000074,Maldon
,1,18362,E01021890,Maldon 004B,E05004197,Maldon North, ,E07000074,Maldon
,1,18358,E01021891,Maldon 004C,E05004197,Maldon North, ,E07000074,Maldon
,1,18354,E01021892,Maldon 004D,E05004197,Maldon North, ,E07000074,Maldon
,1,18351,E01021893,Maldon 005A,E05004198,Maldon South, ,E07000074,Maldon
,1,18349,E01021894,Maldon 005B,E05004198,Maldon South, ,E07000074,Maldon
,1,18346,E01021895,Maldon 005C,E05004198,Maldon South, ,E07000074,Maldon
,1,18344,E01021896,Maldon 005D,E05004199,Maldon West, ,E07000074,Maldon
,1,18342,E01021897,Maldon 005E,E05004199,Maldon West, ,E07000074,Maldon
,1,18375,E01021898,Maldon 005F,E05004199,Maldon West, ,E07000074,Maldon
,1,18637,E01021901,Maldon 006A,E05004200,Mayland, ,E07000074,Maldon
,1,18621,E01021904,Maldon 006B,E05004202,Southminster, ,E07000074,Maldon
,1,18624,E01021905,Maldon 006C,E05004202,Southminster, ,E07000074,Maldon
,1,18616,E01021906,Maldon 006D,E05004202,Southminster, ,E07000074,Maldon
,1,18618,E01021907,Maldon 006E,E05004203,Tillingham, ,E07000074,Maldon
,1,17049,E01021873,Maldon 007A,E05004190,Althorne, ,E07000074,Maldon
,1,17046,E01021874,Maldon 007B,E05004190,Althorne, ,E07000074,Maldon
,1,17047,E01021875,Maldon 007C,E05004190,Althorne, ,E07000074,Maldon
,1,18373,E01021899,Maldon 007D,E05004200,Mayland, ,E07000074,Maldon
,1,18634,E01021900,Maldon 007E,E05004200,Mayland, ,E07000074,Maldon
,1,18628,E01021902,Maldon 007F,E05004201,Purleigh, ,E07000074,Maldon
,1,18631,E01021903,Maldon 007G,E05004201,Purleigh, ,E07000074,Maldon
,1,17052,E01021878,Maldon 008C,E05004191,Burnham-on-Crouch North, ,E07000074,Maldon
,1,19277,E01021879,Maldon 008D,E05004192,Burnham-on-Crouch South, ,E07000074,Maldon
,1,15863,E01021880,Maldon 008E,E05004192,Burnham-on-Crouch South, ,E07000074,Maldon
,1,15860,E01021881,Maldon 008F,E05004192,Burnham-on-Crouch South, ,E07000074,Maldon
,1,17511,E01033057,Maldon 008G,E05004191,Burnham-on-Crouch North, ,E07000074,Maldon
,1,17829,E01021942,Rochford 001A,E05004218,Hullbridge, ,E07000075,Rochford
,1,17830,E01021943,Rochford 001B,E05004218,Hullbridge, ,E07000075,Rochford
,1,17827,E01021944,Rochford 001C,E05004218,Hullbridge, ,E07000075,Rochford
,1,17828,E01021945,Rochford 001D,E05004218,Hullbridge, ,E07000075,Rochford
,1,17012,E01021914,Rochford 002A,E05004207,Ashingdon and Canewdon, ,E07000075,Rochford
,1,18276,E01021927,Rochford 002B,E05004212,Hawkwell North, ,E07000075,Rochford
,1,18285,E01021928,Rochford 002C,E05004212,Hawkwell North, ,E07000075,Rochford
,1,18286,E01021929,Rochford 002D,E05004212,Hawkwell North, ,E07000075,Rochford
,1,16689,E01021931,Rochford 002E,E05004213,Hawkwell South, ,E07000075,Rochford
,1,16687,E01021933,Rochford 003A,E05004214,Hawkwell West, ,E07000075,Rochford
,1,19260,E01021934,Rochford 003B,E05004214,Hawkwell West, ,E07000075,Rochford
,1,16684,E01021935,Rochford 003C,E05004214,Hawkwell West, ,E07000075,Rochford
,1,19259,E01021936,Rochford 003D,E05004215,Hockley Central, ,E07000075,Rochford
,1,16683,E01021937,Rochford 003E,E05004215,Hockley Central, ,E07000075,Rochford
,1,16690,E01021938,Rochford 003F,E05004215,Hockley Central, ,E07000075,Rochford
,1,16691,E01021939,Rochford 003G,E05004215,Hockley Central, ,E07000075,Rochford
,1,17831,E01021940,Rochford 003H,E05004216,Hockley North, ,E07000075,Rochford
,1,17832,E01021941,Rochford 003I,E05004217,Hockley West, ,E07000075,Rochford
,1,17015,E01021915,Rochford 004A,E05004207,Ashingdon and Canewdon, ,E07000075,Rochford
,1,17007,E01021916,Rochford 004B,E05004207,Ashingdon and Canewdon, ,E07000075,Rochford
,1,16559,E01021953,Rochford 004C,E05004221,Rochford, ,E07000075,Rochford
,1,16556,E01021955,Rochford 004D,E05004221,Rochford, ,E07000075,Rochford
,1,17038,E01021918,Rochford 005A,E05004209,Downhall and Rawreth, ,E07000075,Rochford
,1,17040,E01021919,Rochford 005B,E05004209,Downhall and Rawreth, ,E07000075,Rochford
,1,18278,E01021925,Rochford 005C,E05004211,Grange, ,E07000075,Rochford
,1,17392,E01021960,Rochford 005D,E05004223,Trinity, ,E07000075,Rochford
,1,17393,E01021961,Rochford 005E,E05004223,Trinity, ,E07000075,Rochford
,1,18283,E01021920,Rochford 006A,E05004209,Downhall and Rawreth, ,E07000075,Rochford
,1,18275,E01021926,Rochford 006B,E05004211,Grange, ,E07000075,Rochford
,1,16554,E01021957,Rochford 006C,E05004222,Sweyne Park, ,E07000075,Rochford
,1,15783,E01021958,Rochford 006D,E05004222,Sweyne Park, ,E07000075,Rochford
,1,15784,E01021959,Rochford 006E,E05004222,Sweyne Park, ,E07000075,Rochford
,1,16688,E01021930,Rochford 007A,E05004213,Hawkwell South, ,E07000075,Rochford
,1,16685,E01021932,Rochford 007B,E05004213,Hawkwell South, ,E07000075,Rochford
,1,16557,E01021952,Rochford 007C,E05004221,Rochford, ,E07000075,Rochford
,1,16555,E01021954,Rochford 007D,E05004221,Rochford, ,E07000075,Rochford
,1,16553,E01021956,Rochford 007E,E05004221,Rochford, ,E07000075,Rochford
,1,15781,E01021950,Rochford 008A,E05004220,Rayleigh Central, ,E07000075,Rochford
,1,15782,E01021951,Rochford 008B,E05004220,Rayleigh Central, ,E07000075,Rochford
,1,17390,E01021962,Rochford 008C,E05004224,Wheatley, ,E07000075,Rochford
,1,17391,E01021963,Rochford 008D,E05004224,Wheatley, ,E07000075,Rochford
,1,17388,E01021964,Rochford 008E,E05004224,Wheatley, ,E07000075,Rochford
,1,17386,E01021966,Rochford 008F,E05004225,Whitehouse, ,E07000075,Rochford
,1,17825,E01021946,Rochford 009A,E05004219,Lodge, ,E07000075,Rochford
,1,17826,E01021947,Rochford 009B,E05004219,Lodge, ,E07000075,Rochford
,1,17833,E01021948,Rochford 009C,E05004219,Lodge, ,E07000075,Rochford
,1,17835,E01021949,Rochford 009D,E05004220,Rayleigh Central, ,E07000075,Rochford
,1,17389,E01021965,Rochford 009E,E05004225,Whitehouse, ,E07000075,Rochford
,1,17009,E01021917,Rochford 010A,E05004208,Barling and Sutton, ,E07000075,Rochford
,1,18284,E01021921,Rochford 010B,E05004210,Foulness and Great Wakering, ,E07000075,Rochford
,1,18279,E01021922,Rochford 010C,E05004210,Foulness and Great Wakering, ,E07000075,Rochford
,1,18281,E01021923,Rochford 010D,E05004210,Foulness and Great Wakering, ,E07000075,Rochford
,1,18277,E01021924,Rochford 010E,E05004210,Foulness and Great Wakering, ,E07000075,Rochford
,1,17008,E01021997,Tendring 001A,E05004239,Harwich East, ,E07000076,Tendring
,1,17041,E01021998,Tendring 001B,E05004239,Harwich East, ,E07000076,Tendring
,1,17039,E01021999,Tendring 001C,E05004240,Harwich East Central, ,E07000076,Tendring
,1,15753,E01022001,Tendring 001D,E05004240,Harwich East Central, ,E07000076,Tendring
,1,15751,E01022000,Tendring 002A,E05004240,Harwich East Central, ,E07000076,Tendring
,1,15741,E01022006,Tendring 002C,E05004242,Harwich West Central, ,E07000076,Tendring
,1,15743,E01022007,Tendring 002D,E05004242,Harwich West Central, ,E07000076,Tendring
,1,17517,E01033051,Tendring 002F,E05004241,Harwich West, ,E07000076,Tendring
,1,16115,E01021978,Tendring 003A,E05004231,"Bradfield, Wrabness and Wix", ,E07000076,Tendring
,1,17765,E01022013,Tendring 003B,E05004246,Lawford, ,E07000076,Tendring
,1,17759,E01022014,Tendring 003C,E05004246,Lawford, ,E07000076,Tendring
,1,17761,E01022015,Tendring 003D,E05004246,Lawford, ,E07000076,Tendring
,1,17781,E01022019,Tendring 003E,E05004248,"Manningtree, Mistley, Little Bentley and Tendring", ,E07000076,Tendring
,1,18921,E01022020,Tendring 003F,E05004248,"Manningtree, Mistley, Little Bentley and Tendring", ,E07000076,Tendring
,1,18922,E01022021,Tendring 003G,E05004248,"Manningtree, Mistley, Little Bentley and Tendring", ,E07000076,Tendring
,1,17027,E01021991,Tendring 004A,E05004236,Great and Little Oakley, ,E07000076,Tendring
,1,17023,E01021992,Tendring 004B,E05004236,Great and Little Oakley, ,E07000076,Tendring
,1,15748,E01022002,Tendring 004C,E05004241,Harwich West, ,E07000076,Tendring
,1,19235,E01022004,Tendring 004D,E05004241,Harwich West, ,E07000076,Tendring
,1,15746,E01022005,Tendring 004E,E05004242,Harwich West Central, ,E07000076,Tendring
,1,18923,E01022028,Tendring 004F,E05004251,Ramsey and Parkeston, ,E07000076,Tendring
,1,16114,E01021971,Tendring 005A,E05004228,Ardleigh and Little Bromley, ,E07000076,Tendring
,1,16111,E01021972,Tendring 005B,E05004228,Ardleigh and Little Bromley, ,E07000076,Tendring
,1,16923,E01022051,Tendring 005C,E05004259,"Thorrington, Frating, Elmstead and Great Bromley", ,E07000076,Tendring
,1,16921,E01022052,Tendring 005D,E05004259,"Thorrington, Frating, Elmstead and Great Bromley", ,E07000076,Tendring
,1,18622,E01021985,Tendring 006A,E05004234,Frinton, ,E07000076,Tendring
,1,18619,E01021986,Tendring 006B,E05004234,Frinton, ,E07000076,Tendring
,1,16919,E01022054,Tendring 006C,E05004260,Walton, ,E07000076,Tendring
,1,16920,E01022055,Tendring 006D,E05004260,Walton, ,E07000076,Tendring
,1,16917,E01022056,Tendring 006E,E05004260,Walton, ,E07000076,Tendring
,1,16112,E01021973,Tendring 007A,E05004229,Beaumont and Thorpe, ,E07000076,Tendring
,1,19237,E01021974,Tendring 007B,E05004229,Beaumont and Thorpe, ,E07000076,Tendring
,1,17755,E01022016,Tendring 007C,E05004247,Little Clacton and Weeley, ,E07000076,Tendring
,1,17757,E01022017,Tendring 007D,E05004247,Little Clacton and Weeley, ,E07000076,Tendring
,1,17779,E01022018,Tendring 007E,E05004247,Little Clacton and Weeley, ,E07000076,Tendring
,1,18617,E01021987,Tendring 008A,E05004234,Frinton, ,E07000076,Tendring
,1,19276,E01021994,Tendring 008B,E05004238,Hamford, ,E07000076,Tendring
,1,17013,E01021995,Tendring 008C,E05004238,Hamford, ,E07000076,Tendring
,1,17010,E01021996,Tendring 008D,E05004238,Hamford, ,E07000076,Tendring
,1,15765,E01022009,Tendring 008E,E05004244,Holland and Kirby, ,E07000076,Tendring
,1,17767,E01022010,Tendring 008F,E05004244,Holland and Kirby, ,E07000076,Tendring
,1,17770,E01022011,Tendring 008G,E05004244,Holland and Kirby, ,E07000076,Tendring
,1,17763,E01022012,Tendring 008H,E05004245,Homelands, ,E07000076,Tendring
,1,17387,E01021967,Tendring 009A,E05004226,Alresford, ,E07000076,Tendring
,1,18629,E01021983,Tendring 009B,E05004232,Brightlingsea, ,E07000076,Tendring
,1,17019,E01021993,Tendring 009C,E05004237,Great Bentley, ,E07000076,Tendring
,1,16922,E01022053,Tendring 009D,E05004259,"Thorrington, Frating, Elmstead and Great Bromley", ,E07000076,Tendring
,1,18625,E01021984,Tendring 010A,E05004233,Burrsville, ,E07000076,Tendring
,1,17376,E01022039,Tendring 010B,E05004255,St Johns, ,E07000076,Tendring
,1,18118,E01022040,Tendring 010C,E05004255,St Johns, ,E07000076,Tendring
,1,18119,E01022041,Tendring 010D,E05004255,St Johns, ,E07000076,Tendring
,1,16116,E01021979,Tendring 011A,E05004232,Brightlingsea, ,E07000076,Tendring
,1,18638,E01021980,Tendring 011B,E05004232,Brightlingsea, ,E07000076,Tendring
,1,18635,E01021981,Tendring 011C,E05004232,Brightlingsea, ,E07000076,Tendring
,1,18632,E01021982,Tendring 011D,E05004232,Brightlingsea, ,E07000076,Tendring
,1,18112,E01022046,Tendring 011E,E05004257,St Osyth and Point Clear, ,E07000076,Tendring
,1,15762,E01022008,Tendring 012A,E05004243,Haven, ,E07000076,Tendring
,1,17372,E01022033,Tendring 012B,E05004253,St Bartholomews, ,E07000076,Tendring
,1,17369,E01022034,Tendring 012C,E05004253,St Bartholomews, ,E07000076,Tendring
,1,17370,E01022035,Tendring 012D,E05004253,St Bartholomews, ,E07000076,Tendring
,1,16110,E01021975,Tendring 013A,E05004230,Bockings Elm, ,E07000076,Tendring
,1,16108,E01021976,Tendring 013B,E05004230,Bockings Elm, ,E07000076,Tendring
,1,16109,E01021977,Tendring 013C,E05004230,Bockings Elm, ,E07000076,Tendring
,1,18919,E01022022,Tendring 013D,E05004249,Peter Bruff, ,E07000076,Tendring
,1,18114,E01022044,Tendring 013E,E05004256,St Marys, ,E07000076,Tendring
,1,18116,E01022042,Tendring 014A,E05004256,St Marys, ,E07000076,Tendring
,1,18117,E01022043,Tendring 014B,E05004256,St Marys, ,E07000076,Tendring
,1,18120,E01022048,Tendring 014C,E05004258,St Pauls, ,E07000076,Tendring
,1,18121,E01022049,Tendring 014D,E05004258,St Pauls, ,E07000076,Tendring
,1,19270,E01022050,Tendring 014E,E05004258,St Pauls, ,E07000076,Tendring
,1,18920,E01022023,Tendring 015A,E05004249,Peter Bruff, ,E07000076,Tendring
,1,18917,E01022024,Tendring 015B,E05004249,Peter Bruff, ,E07000076,Tendring
,1,17373,E01022030,Tendring 015C,E05004252,Rush Green, ,E07000076,Tendring
,1,17374,E01022031,Tendring 015D,E05004252,Rush Green, ,E07000076,Tendring
,1,17371,E01022032,Tendring 015E,E05004252,Rush Green, ,E07000076,Tendring
,1,16113,E01021970,Tendring 016A,E05004227,Alton Park, ,E07000076,Tendring
,1,18918,E01022025,Tendring 016B,E05004250,Pier, ,E07000076,Tendring
,1,18915,E01022026,Tendring 016C,E05004250,Pier, ,E07000076,Tendring
,1,18916,E01022027,Tendring 016D,E05004250,Pier, ,E07000076,Tendring
,1,17394,E01021968,Tendring 017A,E05004227,Alton Park, ,E07000076,Tendring
,1,17395,E01021969,Tendring 017B,E05004227,Alton Park, ,E07000076,Tendring
,1,17367,E01022036,Tendring 017C,E05004254,St James, ,E07000076,Tendring
,1,17368,E01022037,Tendring 017D,E05004254,St James, ,E07000076,Tendring
,1,17375,E01022038,Tendring 017E,E05004254,St James, ,E07000076,Tendring
,1,18644,E01021988,Tendring 018A,E05004235,Golf Green, ,E07000076,Tendring
,1,18642,E01021989,Tendring 018B,E05004235,Golf Green, ,E07000076,Tendring
,1,17031,E01021990,Tendring 018C,E05004235,Golf Green, ,E07000076,Tendring
,1,18115,E01022045,Tendring 018D,E05004257,St Osyth and Point Clear, ,E07000076,Tendring
,1,18113,E01022047,Tendring 018E,E05004257,St Osyth and Point Clear, ,E07000076,Tendring
,1,16918,E01022057,Uttlesford 001A,E05004261,Ashdon, ,E07000077,Uttlesford
,1,16615,E01022075,Uttlesford 001B,E05004273,Saffron Walden Audley, ,E07000077,Uttlesford
,1,16611,E01022077,Uttlesford 001C,E05008710,Saffron Walden Castle, ,E07000077,Uttlesford
,1,17762,E01022094,Uttlesford 001D,E05008713,The Chesterfords, ,E07000077,Uttlesford
,1,16612,E01022074,Uttlesford 002A,E05004273,Saffron Walden Audley, ,E07000077,Uttlesford
,1,16610,E01022076,Uttlesford 002B,E05004273,Saffron Walden Audley, ,E07000077,Uttlesford
,1,16632,E01022078,Uttlesford 002C,E05008710,Saffron Walden Castle, ,E07000077,Uttlesford
,1,16633,E01022079,Uttlesford 002D,E05008710,Saffron Walden Castle, ,E07000077,Uttlesford
,1,15754,E01022080,Uttlesford 002E,E05004275,Saffron Walden Shire, ,E07000077,Uttlesford
,1,15752,E01022081,Uttlesford 002F,E05004275,Saffron Walden Shire, ,E07000077,Uttlesford
,1,15750,E01022082,Uttlesford 002G,E05004275,Saffron Walden Shire, ,E07000077,Uttlesford
,1,18206,E01022061,Uttlesford 003A,E05004265,Clavering, ,E07000077,Uttlesford
,1,16625,E01022071,Uttlesford 003B,E05004271,Littlebury, ,E07000077,Uttlesford
,1,16617,E01022072,Uttlesford 003C,E05004272,Newport, ,E07000077,Uttlesford
,1,16620,E01022073,Uttlesford 003D,E05004272,Newport, ,E07000077,Uttlesford
,1,17782,E01022098,Uttlesford 003E,E05004286,Wenden Lofts, ,E07000077,Uttlesford
,1,17766,E01022092,Uttlesford 004A,E05004281,Thaxted, ,E07000077,Uttlesford
,1,17764,E01022093,Uttlesford 004B,E05004281,Thaxted, ,E07000077,Uttlesford
,1,17756,E01022097,Uttlesford 004C,E05004285,The Sampfords, ,E07000077,Uttlesford
,1,17780,E01022099,Uttlesford 004D,E05004287,Wimbish and Debden, ,E07000077,Uttlesford
,1,18197,E01022062,Uttlesford 005A,E05004266,Elsenham and Henham, ,E07000077,Uttlesford
,1,18200,E01022063,Uttlesford 005B,E05004266,Elsenham and Henham, ,E07000077,Uttlesford
,1,15749,E01022083,Uttlesford 005C,E05004276,Stansted North, ,E07000077,Uttlesford
,1,15747,E01022084,Uttlesford 005D,E05004276,Stansted North, ,E07000077,Uttlesford
,1,15745,E01022085,Uttlesford 005E,E05008711,Stansted South, ,E07000077,Uttlesford
,1,15742,E01022087,Uttlesford 005F,E05008708,Birchanger, ,E07000077,Uttlesford
,1,15763,E01022089,Uttlesford 005G,E05004279,Stort Valley, ,E07000077,Uttlesford
,1,15744,E01022086,Uttlesford 006A,E05008711,Stansted South, ,E07000077,Uttlesford
,1,17771,E01022090,Uttlesford 006B,E05008712,Takeley and the Canfields, ,E07000077,Uttlesford
,1,17768,E01022091,Uttlesford 006C,E05008712,Takeley and the Canfields, ,E07000077,Uttlesford
,1,17760,E01022095,Uttlesford 006D,E05004283,The Eastons, ,E07000077,Uttlesford
,1,18193,E01022067,Uttlesford 007B,E05004269,Great Dunmow South, ,E07000077,Uttlesford
,1,18215,E01022068,Uttlesford 007C,E05004269,Great Dunmow South, ,E07000077,Uttlesford
,1,17512,E01033054,Uttlesford 007D,E05004268,Great Dunmow North, ,E07000077,Uttlesford
,1,17513,E01033055,Uttlesford 007E,E05004268,Great Dunmow North, ,E07000077,Uttlesford
,1,17510,E01033056,Uttlesford 007F,E05004268,Great Dunmow North, ,E07000077,Uttlesford
,1,16924,E01022058,Uttlesford 008A,E05004262,Barnston and High Easter, ,E07000077,Uttlesford
,1,18194,E01022064,Uttlesford 008B,E05004267,Felsted, ,E07000077,Uttlesford
,1,18216,E01022069,Uttlesford 008D,E05004269,Great Dunmow South, ,E07000077,Uttlesford
,1,15766,E01022088,Uttlesford 008E,E05004278,Stebbing, ,E07000077,Uttlesford
,1,17514,E01033052,Uttlesford 008F,E05004267,Felsted, ,E07000077,Uttlesford
,1,17515,E01033053,Uttlesford 008G,E05004267,Felsted, ,E07000077,Uttlesford
,1,16925,E01022059,Uttlesford 009A,E05008709,Broad Oak and the Hallingburys, ,E07000077,Uttlesford
,1,18203,E01022060,Uttlesford 009B,E05008709,Broad Oak and the Hallingburys, ,E07000077,Uttlesford
,1,16623,E01022070,Uttlesford 009C,E05004270,Hatfield Heath, ,E07000077,Uttlesford
,1,17758,E01022096,Uttlesford 009D,E05004284,The Rodings, ,E07000077,Uttlesford
